--
-- PostgreSQL database dump
--

\restrict 262dbP9jHOBjjd78csWJIMt8MJaDgiqza1DGg2cKueXDsQgNcap1eKOdF4oLJ4O

-- Dumped from database version 15.14 (Debian 15.14-1.pgdg13+1)
-- Dumped by pg_dump version 15.14 (Debian 15.14-1.pgdg13+1)

SET statement_timeout = 0;
SET lock_timeout = 0;
SET idle_in_transaction_session_timeout = 0;
SET client_encoding = 'UTF8';
SET standard_conforming_strings = on;
SELECT pg_catalog.set_config('search_path', '', false);
SET check_function_bodies = false;
SET xmloption = content;
SET client_min_messages = warning;
SET row_security = off;

SET default_tablespace = '';

SET default_table_access_method = heap;

--
-- Name: Answers; Type: TABLE; Schema: public; Owner: matforum_user
--

CREATE TABLE public."Answers" (
    "Id" uuid NOT NULL,
    "Content" text NOT NULL,
    "QuestionId" uuid NOT NULL,
    "AuthorId" uuid NOT NULL,
    "ParentAnswerId" uuid,
    "CreatedAt" timestamp with time zone NOT NULL,
    "UpdatedAt" timestamp with time zone NOT NULL,
    "IsDeleted" boolean NOT NULL,
    "DeletedAt" timestamp with time zone
);


ALTER TABLE public."Answers" OWNER TO matforum_user;

--
-- Name: AspNetRoleClaims; Type: TABLE; Schema: public; Owner: matforum_user
--

CREATE TABLE public."AspNetRoleClaims" (
    "Id" integer NOT NULL,
    "RoleId" uuid NOT NULL,
    "ClaimType" text,
    "ClaimValue" text
);


ALTER TABLE public."AspNetRoleClaims" OWNER TO matforum_user;

--
-- Name: AspNetRoleClaims_Id_seq; Type: SEQUENCE; Schema: public; Owner: matforum_user
--

ALTER TABLE public."AspNetRoleClaims" ALTER COLUMN "Id" ADD GENERATED BY DEFAULT AS IDENTITY (
    SEQUENCE NAME public."AspNetRoleClaims_Id_seq"
    START WITH 1
    INCREMENT BY 1
    NO MINVALUE
    NO MAXVALUE
    CACHE 1
);


--
-- Name: AspNetRoles; Type: TABLE; Schema: public; Owner: matforum_user
--

CREATE TABLE public."AspNetRoles" (
    "Id" uuid NOT NULL,
    "Name" character varying(256),
    "NormalizedName" character varying(256),
    "ConcurrencyStamp" text
);


ALTER TABLE public."AspNetRoles" OWNER TO matforum_user;

--
-- Name: AspNetUserClaims; Type: TABLE; Schema: public; Owner: matforum_user
--

CREATE TABLE public."AspNetUserClaims" (
    "Id" integer NOT NULL,
    "UserId" uuid NOT NULL,
    "ClaimType" text,
    "ClaimValue" text
);


ALTER TABLE public."AspNetUserClaims" OWNER TO matforum_user;

--
-- Name: AspNetUserClaims_Id_seq; Type: SEQUENCE; Schema: public; Owner: matforum_user
--

ALTER TABLE public."AspNetUserClaims" ALTER COLUMN "Id" ADD GENERATED BY DEFAULT AS IDENTITY (
    SEQUENCE NAME public."AspNetUserClaims_Id_seq"
    START WITH 1
    INCREMENT BY 1
    NO MINVALUE
    NO MAXVALUE
    CACHE 1
);


--
-- Name: AspNetUserLogins; Type: TABLE; Schema: public; Owner: matforum_user
--

CREATE TABLE public."AspNetUserLogins" (
    "LoginProvider" text NOT NULL,
    "ProviderKey" text NOT NULL,
    "ProviderDisplayName" text,
    "UserId" uuid NOT NULL
);


ALTER TABLE public."AspNetUserLogins" OWNER TO matforum_user;

--
-- Name: AspNetUserRoles; Type: TABLE; Schema: public; Owner: matforum_user
--

CREATE TABLE public."AspNetUserRoles" (
    "UserId" uuid NOT NULL,
    "RoleId" uuid NOT NULL
);


ALTER TABLE public."AspNetUserRoles" OWNER TO matforum_user;

--
-- Name: AspNetUserTokens; Type: TABLE; Schema: public; Owner: matforum_user
--

CREATE TABLE public."AspNetUserTokens" (
    "UserId" uuid NOT NULL,
    "LoginProvider" text NOT NULL,
    "Name" text NOT NULL,
    "Value" text
);


ALTER TABLE public."AspNetUserTokens" OWNER TO matforum_user;

--
-- Name: AspNetUsers; Type: TABLE; Schema: public; Owner: matforum_user
--

CREATE TABLE public."AspNetUsers" (
    "Id" uuid NOT NULL,
    "FirstName" text NOT NULL,
    "LastName" text NOT NULL,
    "UserName" character varying(256),
    "NormalizedUserName" character varying(256),
    "Email" character varying(256),
    "NormalizedEmail" character varying(256),
    "EmailConfirmed" boolean NOT NULL,
    "PasswordHash" text,
    "SecurityStamp" text,
    "ConcurrencyStamp" text,
    "PhoneNumber" text,
    "PhoneNumberConfirmed" boolean NOT NULL,
    "TwoFactorEnabled" boolean NOT NULL,
    "LockoutEnd" timestamp with time zone,
    "LockoutEnabled" boolean NOT NULL,
    "AccessFailedCount" integer NOT NULL
);


ALTER TABLE public."AspNetUsers" OWNER TO matforum_user;

--
-- Name: Questions; Type: TABLE; Schema: public; Owner: matforum_user
--

CREATE TABLE public."Questions" (
    "Id" uuid NOT NULL,
    "Title" character varying(500) NOT NULL,
    "Content" text NOT NULL,
    "CreatedByUserId" uuid NOT NULL,
    "Views" integer DEFAULT 0 NOT NULL,
    "IsClosed" boolean DEFAULT false NOT NULL,
    "Tags" text[] NOT NULL,
    "CreatedAt" timestamp with time zone DEFAULT now() NOT NULL,
    "UpdatedAt" timestamp with time zone DEFAULT now() NOT NULL,
    "IsDeleted" boolean NOT NULL,
    "DeletedAt" timestamp with time zone
);


ALTER TABLE public."Questions" OWNER TO matforum_user;

--
-- Name: RefreshTokens; Type: TABLE; Schema: public; Owner: matforum_user
--

CREATE TABLE public."RefreshTokens" (
    "Id" uuid NOT NULL,
    "Token" text NOT NULL,
    "ExpiryTime" timestamp with time zone NOT NULL,
    "AppUserId" uuid
);


ALTER TABLE public."RefreshTokens" OWNER TO matforum_user;

--
-- Name: UserProfiles; Type: TABLE; Schema: public; Owner: matforum_user
--

CREATE TABLE public."UserProfiles" (
    "Id" uuid NOT NULL,
    "FirstName" text NOT NULL,
    "LastName" text NOT NULL,
    "Email" character varying(256) NOT NULL,
    "Username" character varying(64) NOT NULL,
    "DateOfBirth" timestamp with time zone NOT NULL,
    "CreatedAt" timestamp with time zone NOT NULL,
    "UpdatedAt" timestamp with time zone NOT NULL,
    "IsDeleted" boolean NOT NULL,
    "DeletedAt" timestamp with time zone,
    "PhoneNumber" text DEFAULT ''::text NOT NULL
);


ALTER TABLE public."UserProfiles" OWNER TO matforum_user;

--
-- Name: Votes; Type: TABLE; Schema: public; Owner: matforum_user
--

CREATE TABLE public."Votes" (
    "Id" uuid NOT NULL,
    "QuestionId" uuid,
    "AnswerId" uuid,
    "UserId" uuid NOT NULL,
    "VoteType" integer NOT NULL,
    "CreatedAt" timestamp without time zone NOT NULL,
    "UpdatedAt" timestamp without time zone NOT NULL,
    "IsDeleted" boolean NOT NULL,
    "DeletedAt" timestamp without time zone
);


ALTER TABLE public."Votes" OWNER TO matforum_user;

--
-- Name: __EFMigrationsHistory; Type: TABLE; Schema: public; Owner: matforum_user
--

CREATE TABLE public."__EFMigrationsHistory" (
    "MigrationId" character varying(150) NOT NULL,
    "ProductVersion" character varying(32) NOT NULL
);


ALTER TABLE public."__EFMigrationsHistory" OWNER TO matforum_user;

--
-- Data for Name: Answers; Type: TABLE DATA; Schema: public; Owner: matforum_user
--

COPY public."Answers" ("Id", "Content", "QuestionId", "AuthorId", "ParentAnswerId", "CreatedAt", "UpdatedAt", "IsDeleted", "DeletedAt") FROM stdin;
bba4b160-e631-40bd-aa49-c8294b9f10f0	Ovo mi se svijda :D  izmena pitanja momak	bfd91dce-bd5e-49cf-bc89-dac97b5df43a	5d7053c8-a692-4260-b3c4-a71bb491570e	\N	2025-10-12 16:34:20.231953+00	2025-10-12 16:35:40.771201+00	f	\N
0007fee5-dca0-4aee-8d2e-ca6006a28050	hey	bfd91dce-bd5e-49cf-bc89-dac97b5df43a	5d7053c8-a692-4260-b3c4-a71bb491570e	bba4b160-e631-40bd-aa49-c8294b9f10f0	2025-10-12 16:54:07.04533+00	2025-10-12 16:54:07.04533+00	f	\N
69c2f6c0-7b65-491f-8be2-2319811fb7c0	da odgvorim jos jednom :D izmena pitanja 	bfd91dce-bd5e-49cf-bc89-dac97b5df43a	5d7053c8-a692-4260-b3c4-a71bb491570e	0007fee5-dca0-4aee-8d2e-ca6006a28050	2025-10-12 17:14:26.585184+00	2025-10-12 17:14:49.244098+00	f	\N
be4c8604-30c9-4fbe-81fd-034664769738	nidzos s best izmena pitanja	8b433e42-9918-42d9-ba94-19522a4e311d	5d7053c8-a692-4260-b3c4-a71bb491570e	\N	2025-10-12 17:15:04.217844+00	2025-10-12 17:15:12.504864+00	f	\N
d3d69060-6501-4dea-b97f-c00f831ed34c	asdsadadsa	2bec0cdf-e084-4a70-8d0a-df82fc4afede	5d7053c8-a692-4260-b3c4-a71bb491570e	\N	2025-10-12 17:22:26.850457+00	2025-10-12 17:22:26.850457+00	f	\N
b53938c0-02ce-46c8-a137-a7c750d6e8ca	dules odgovorio nidzi s	2becbd6b-6314-4327-90e2-2b2bc0e29bc4	b7120124-2ab0-448a-8a11-06d940e90384	\N	2025-10-12 17:29:30.381433+00	2025-10-12 17:29:30.381433+00	f	\N
ac3919d2-dabe-4f76-8111-4826890c98f7	ajde da ti odgovorim dules legendo	2becbd6b-6314-4327-90e2-2b2bc0e29bc4	5d7053c8-a692-4260-b3c4-a71bb491570e	b53938c0-02ce-46c8-a137-a7c750d6e8ca	2025-10-12 17:30:35.106138+00	2025-10-12 17:30:35.106138+00	f	\N
b48945d5-f9c7-4c44-a723-7a30b8a8cc08	dsadsadas	018749ac-08cf-4790-85ff-473a354c1330	5d7053c8-a692-4260-b3c4-a71bb491570e	\N	2025-10-12 18:03:50.493257+00	2025-10-12 18:03:50.493257+00	t	2025-10-12 18:08:34.614174+00
d4dbb6bc-0992-44ed-8f94-6217dc105a57	cao duki	e631e629-2fdb-4d7c-8a6a-d98f49e8de67	5d7053c8-a692-4260-b3c4-a71bb491570e	02e79092-f42e-45ae-a767-b5d6a8fa930d	2025-10-12 18:43:35.497613+00	2025-10-12 18:43:35.497613+00	t	2025-10-12 18:44:17.046636+00
02e79092-f42e-45ae-a767-b5d6a8fa930d	asdsada eeeee	e631e629-2fdb-4d7c-8a6a-d98f49e8de67	b7120124-2ab0-448a-8a11-06d940e90384	\N	2025-10-12 18:43:20.387192+00	2025-10-12 18:43:20.387192+00	t	2025-10-12 18:44:29.935523+00
a25e796e-b0d7-43c7-9e06-7aff8e90f929	asdadadsad	b672c809-8add-42ae-a0b4-82e205b019f7	5d7053c8-a692-4260-b3c4-a71bb491570e	\N	2025-10-12 20:23:02.957384+00	2025-10-12 20:23:02.957439+00	t	2025-10-12 20:23:07.1811+00
f9b6d0b9-9fcc-4cf7-b51e-47f7c0504355	asdasdasdas	e631e629-2fdb-4d7c-8a6a-d98f49e8de67	5d7053c8-a692-4260-b3c4-a71bb491570e	\N	2025-10-12 20:25:38.377988+00	2025-10-12 20:25:38.377988+00	f	\N
8e9de5b8-2a6c-4c18-a28f-b719b33633cb	dasdsadadsa	e631e629-2fdb-4d7c-8a6a-d98f49e8de67	5d7053c8-a692-4260-b3c4-a71bb491570e	\N	2025-10-12 20:25:44.280879+00	2025-10-12 20:25:44.28088+00	t	2025-10-12 20:50:21.364826+00
f6c9c5d0-7056-44e9-be5e-9235c5bd307a	dasdsa	e631e629-2fdb-4d7c-8a6a-d98f49e8de67	5d7053c8-a692-4260-b3c4-a71bb491570e	f9b6d0b9-9fcc-4cf7-b51e-47f7c0504355	2025-10-12 20:50:29.019837+00	2025-10-12 20:50:29.01992+00	f	\N
2032f5a0-5b98-4548-b6c0-77745bd81945	adadsada	1cb12185-d9c4-4c77-bb8b-d19e011c0135	5d7053c8-a692-4260-b3c4-a71bb491570e	\N	2025-10-12 20:57:48.303497+00	2025-10-12 20:57:48.303497+00	t	2025-10-12 20:58:23.574729+00
f9450c9a-cdd8-486f-8c7c-4190e994ec22	e desi dule legendo	2865b329-b8c8-4430-91da-7332a7711997	b7120124-2ab0-448a-8a11-06d940e90384	\N	2025-10-12 21:15:54.429573+00	2025-10-12 21:15:54.429574+00	f	\N
81670a81-102c-4a1d-855b-7fc21f836eac	sta ima nidzo	2865b329-b8c8-4430-91da-7332a7711997	5d7053c8-a692-4260-b3c4-a71bb491570e	f9450c9a-cdd8-486f-8c7c-4190e994ec22	2025-10-12 21:16:14.997139+00	2025-10-12 21:16:14.997139+00	t	2025-10-12 21:16:42.492959+00
b5fc12bc-9df3-45da-b6f7-cd7948a805b8	jos 1 odgovor	2865b329-b8c8-4430-91da-7332a7711997	5d7053c8-a692-4260-b3c4-a71bb491570e	\N	2025-10-12 21:18:35.138603+00	2025-10-12 21:18:35.138603+00	f	\N
6ed44168-4ff3-455a-a701-2b4ae98e2a39	promena	2865b329-b8c8-4430-91da-7332a7711997	b7120124-2ab0-448a-8a11-06d940e90384	b5fc12bc-9df3-45da-b6f7-cd7948a805b8	2025-10-12 21:19:45.581568+00	2025-10-12 21:19:45.581568+00	f	\N
\.


--
-- Data for Name: AspNetRoleClaims; Type: TABLE DATA; Schema: public; Owner: matforum_user
--

COPY public."AspNetRoleClaims" ("Id", "RoleId", "ClaimType", "ClaimValue") FROM stdin;
\.


--
-- Data for Name: AspNetRoles; Type: TABLE DATA; Schema: public; Owner: matforum_user
--

COPY public."AspNetRoles" ("Id", "Name", "NormalizedName", "ConcurrencyStamp") FROM stdin;
0065aa25-0ddd-469c-b161-bfb674de7802	Admin	ADMIN	\N
4246fa7e-2950-4024-9cef-4824b9f072c2	User	USER	\N
\.


--
-- Data for Name: AspNetUserClaims; Type: TABLE DATA; Schema: public; Owner: matforum_user
--

COPY public."AspNetUserClaims" ("Id", "UserId", "ClaimType", "ClaimValue") FROM stdin;
\.


--
-- Data for Name: AspNetUserLogins; Type: TABLE DATA; Schema: public; Owner: matforum_user
--

COPY public."AspNetUserLogins" ("LoginProvider", "ProviderKey", "ProviderDisplayName", "UserId") FROM stdin;
\.


--
-- Data for Name: AspNetUserRoles; Type: TABLE DATA; Schema: public; Owner: matforum_user
--

COPY public."AspNetUserRoles" ("UserId", "RoleId") FROM stdin;
5d7053c8-a692-4260-b3c4-a71bb491570e	4246fa7e-2950-4024-9cef-4824b9f072c2
b7120124-2ab0-448a-8a11-06d940e90384	4246fa7e-2950-4024-9cef-4824b9f072c2
\.


--
-- Data for Name: AspNetUserTokens; Type: TABLE DATA; Schema: public; Owner: matforum_user
--

COPY public."AspNetUserTokens" ("UserId", "LoginProvider", "Name", "Value") FROM stdin;
\.


--
-- Data for Name: AspNetUsers; Type: TABLE DATA; Schema: public; Owner: matforum_user
--

COPY public."AspNetUsers" ("Id", "FirstName", "LastName", "UserName", "NormalizedUserName", "Email", "NormalizedEmail", "EmailConfirmed", "PasswordHash", "SecurityStamp", "ConcurrencyStamp", "PhoneNumber", "PhoneNumberConfirmed", "TwoFactorEnabled", "LockoutEnd", "LockoutEnabled", "AccessFailedCount") FROM stdin;
5d7053c8-a692-4260-b3c4-a71bb491570e	NIKOLA	SUBOTIC	nidzos	NIDZOS	nidzos@gmail.com	NIDZOS@GMAIL.COM	f	AQAAAAIAAYagAAAAEC80ybihTWRxB/msnCuqP53wyDCXAw/vzuaXMptFHKq/Z63y1C2NkAdgfH+nnXE1dg==	U5T3LD6YHGMSWDSDHBOLTINEZLIRHMGN	d1a5fc70-5e21-4d2a-87c2-4678d24b918e	02761383914	f	f	\N	t	0
b7120124-2ab0-448a-8a11-06d940e90384	dule	s	dules	DULES	dules@gmail.com	DULES@GMAIL.COM	f	AQAAAAIAAYagAAAAEI7JVeaMZXEjzJ9Evsyqoi0HZ8l9A+2yqgxp3WVGnhC/khgMbrPgIwQUJewC8HK7dg==	OOBQULLNO2NQPKCX2NVYHP3NQWDGK4J4	3f21de21-7c64-4174-8d53-3c130ba6a209	21321321312	f	f	\N	t	0
\.


--
-- Data for Name: Questions; Type: TABLE DATA; Schema: public; Owner: matforum_user
--

COPY public."Questions" ("Id", "Title", "Content", "CreatedByUserId", "Views", "IsClosed", "Tags", "CreatedAt", "UpdatedAt", "IsDeleted", "DeletedAt") FROM stdin;
1cb12185-d9c4-4c77-bb8b-d19e011c0135	asdadas	asdadas	5d7053c8-a692-4260-b3c4-a71bb491570e	3	f	{sadadasda}	2025-10-12 20:55:58.17991+00	2025-10-12 20:58:33.086878+00	t	2025-10-12 20:58:33.408059+00
2bec0cdf-e084-4a70-8d0a-df82fc4afede	asasdasasdasdsa   promena	asdasdasdas	5d7053c8-a692-4260-b3c4-a71bb491570e	3	f	{dasdsadasd}	2025-10-12 17:20:51.648946+00	2025-10-12 17:24:10.076348+00	t	2025-10-12 17:24:10.31133+00
8b433e42-9918-42d9-ba94-19522a4e311d	primer sa vise tagova	ma legendarno ko je ovo napravio ovako lepo :)	5d7053c8-a692-4260-b3c4-a71bb491570e	3	f	{javascript,react}	2025-10-12 16:36:34.081121+00	2025-10-12 17:24:30.522357+00	t	2025-10-12 17:24:30.814063+00
bfd91dce-bd5e-49cf-bc89-dac97b5df43a	asadasd	asdasdasdsa	5d7053c8-a692-4260-b3c4-a71bb491570e	4	f	{asdadasda}	2025-10-12 16:31:38.62363+00	2025-10-12 17:24:34.156486+00	t	2025-10-12 17:24:34.380946+00
2becbd6b-6314-4327-90e2-2b2bc0e29bc4	asdadassad	asdasdsasad	5d7053c8-a692-4260-b3c4-a71bb491570e	3	f	{sadasdsaads}	2025-10-12 17:24:41.612676+00	2025-10-12 17:35:42.3284+00	t	2025-10-12 17:35:42.576337+00
e631e629-2fdb-4d7c-8a6a-d98f49e8de67	asdasdas	asdasdasd	5d7053c8-a692-4260-b3c4-a71bb491570e	8	f	{asdasdsa}	2025-10-12 18:39:39.836668+00	2025-10-12 20:58:50.293107+00	t	2025-10-12 20:58:50.574254+00
018749ac-08cf-4790-85ff-473a354c1330	dsadsadsa asdads	asdasdas	5d7053c8-a692-4260-b3c4-a71bb491570e	3	f	{dasdada}	2025-10-12 18:03:27.43398+00	2025-10-12 18:08:37.402614+00	t	2025-10-12 18:08:37.733634+00
b672c809-8add-42ae-a0b4-82e205b019f7	asdasd	sadsada	5d7053c8-a692-4260-b3c4-a71bb491570e	2	f	{asdasdas}	2025-10-12 20:22:54.471256+00	2025-10-12 20:23:13.15502+00	t	2025-10-12 20:23:13.447768+00
7c212450-df42-4a5c-95b1-b8464bd2e973	pitanje 1	ba bl bla bla	5d7053c8-a692-4260-b3c4-a71bb491570e	1	f	{react}	2025-10-12 21:11:10.107465+00	2025-10-12 21:11:36.500462+00	t	2025-10-12 21:11:36.875938+00
2865b329-b8c8-4430-91da-7332a7711997	pitanje 2 menjano	asdadasd	5d7053c8-a692-4260-b3c4-a71bb491570e	7	f	{hooks}	2025-10-12 21:12:09.733966+00	2025-10-12 21:19:55.023126+00	f	\N
36f62e1c-a8dc-4550-8f60-4a54d606bda7	pitanje 1	asdkosasdj	5d7053c8-a692-4260-b3c4-a71bb491570e	1	f	{react}	2025-10-12 21:11:53.828113+00	2025-10-12 21:20:22.871932+00	f	\N
\.


--
-- Data for Name: RefreshTokens; Type: TABLE DATA; Schema: public; Owner: matforum_user
--

COPY public."RefreshTokens" ("Id", "Token", "ExpiryTime", "AppUserId") FROM stdin;
50087931-d449-4f45-8b0c-cf0d3daf1d22	/YSJRE3HhsSSoGKoxZb/3IJT7uJo9IMUOSN/S3Q4RaI=	2025-11-11 16:29:38.670335+00	5d7053c8-a692-4260-b3c4-a71bb491570e
d9ebc8ab-9d9c-4865-b6aa-14888fa674f2	zFC5u3wE4xcvm35urblJy5R+usUKoY7N8tPIEEz30R4=	2025-11-11 16:43:10.128924+00	5d7053c8-a692-4260-b3c4-a71bb491570e
e48c8f96-997d-4db5-8f4d-497fb95bbc2d	+7W46C//eKQLKBiAC3eouONWJS8XzgeGepBDRyZAxGg=	2025-11-11 16:53:13.682781+00	5d7053c8-a692-4260-b3c4-a71bb491570e
72eeabec-4963-4e52-8b12-006d2cfa154f	TuoXE2LOfUkbf7dWxzUOf0+ToF0PHDT7lARxZbRk5sk=	2025-11-11 17:17:54.756616+00	5d7053c8-a692-4260-b3c4-a71bb491570e
77f7473d-b920-4e1a-9a04-87cdba4e42b6	9o4sZqM4LcEx5vR9wUJ5sKGybq45KRbs0LghLOX01mo=	2025-11-11 17:25:19.826362+00	b7120124-2ab0-448a-8a11-06d940e90384
ff9f5966-3263-4062-bad1-5466759b8a1f	Ygzu9oO0N8MraxxW067svSCFV0t25E8efEnk0PhtItY=	2025-11-11 17:30:19.486644+00	5d7053c8-a692-4260-b3c4-a71bb491570e
77395df7-8670-4e72-9210-1eb1459fbab8	hH8mL6Z22suPdh4Iaw3iLnlFUow60s47TlX4TsKfI3Q=	2025-11-11 17:34:03.673536+00	5d7053c8-a692-4260-b3c4-a71bb491570e
d6a0d9bf-e1d2-4522-8f6d-97e74a1e6db1	c507RotS6ZpxXpxAUAeUZhl6RYUbsYqJgQucDhcj8WQ=	2025-11-11 17:35:36.935576+00	5d7053c8-a692-4260-b3c4-a71bb491570e
c11d0116-40bf-44e1-9189-8a583fd87545	kc90/kLus/bfhURK9+V5YfErK4g+wso3EXP5iftxvg0=	2025-11-11 17:38:48.655079+00	b7120124-2ab0-448a-8a11-06d940e90384
fdf74cd6-d8b3-4192-8186-c4c05c94a80c	vR2xBkzP72lQwQv73vvQZLg4ZKs29+enR+ZTzXPM1Zg=	2025-11-11 17:58:09.107185+00	5d7053c8-a692-4260-b3c4-a71bb491570e
9708aec3-896b-4115-82e4-efb36b7521d5	3+LTRYM91yTkWlmlWUh6ygoq1ATJYOtgi2hdElepXNA=	2025-11-11 18:23:20.706472+00	5d7053c8-a692-4260-b3c4-a71bb491570e
c9e0a561-14ca-4e7d-94f4-ace173876711	35N9BY9TEXdTfys6hxV5aaCO6QT5v3iHCmkkdSX6iTE=	2025-11-11 18:23:35.376824+00	5d7053c8-a692-4260-b3c4-a71bb491570e
5043fb29-599f-4690-809d-ad7df02dfbd5	PbKD6VNRs5BN2aGqRq1lLaY2s1jNvPwmQsaOoayOLjg=	2025-11-11 18:23:49.310375+00	5d7053c8-a692-4260-b3c4-a71bb491570e
70e68095-b09a-4967-978f-868ac5c3fdb7	8pVG/o0XN6wNINADgtDwqMRAeZQp/yxsLfucZY+4IO8=	2025-11-11 18:33:17.093359+00	5d7053c8-a692-4260-b3c4-a71bb491570e
2d2afe74-acc5-4dd1-9bef-03b278a6eded	a/BFiSDY6u1tWsYtWKMfc/hg6X80c/hDJOO4HOmXmWo=	2025-11-11 18:34:30.095746+00	5d7053c8-a692-4260-b3c4-a71bb491570e
3635a314-e76c-4d96-9c5b-9eb4879d2b64	KUr5EzLpyZ53hBSqTwZ0ex0/ME/cyYXbv05wd/obu34=	2025-11-11 18:36:20.349965+00	5d7053c8-a692-4260-b3c4-a71bb491570e
6d38834d-2edf-4d3f-b701-d85721281f4e	uUFNltzcU2LPirnSDn6GmXVGxtVdKXL7LAV8+/+rB1A=	2025-11-11 18:36:31.825915+00	5d7053c8-a692-4260-b3c4-a71bb491570e
4f991d30-23d1-40fb-bfe0-7770385e1d60	pmKNng1sGLxOjTXzhymDCLjUdIY3c193SeYC590m4n4=	2025-11-11 18:39:32.901668+00	5d7053c8-a692-4260-b3c4-a71bb491570e
5366ab9d-d493-4d31-bac9-68281fff91de	npt3fvbRiB+hvvM4liB20O030Oz/2ZKapJ7jNzgvgz8=	2025-11-11 18:39:57.79635+00	b7120124-2ab0-448a-8a11-06d940e90384
f597d4ec-189b-4417-a8aa-da068b13d3e1	u3XgjCQmD8/awSGvk0wcqArcItPA/Qgyan/HVuvSgWU=	2025-11-11 20:06:08.729123+00	5d7053c8-a692-4260-b3c4-a71bb491570e
1c89331a-27d8-438c-9bd1-9c5c4e0ad8aa	dh1mWVze0j3/pi6wICvTxHHGyFXm2VpwMXy7vDAOJpM=	2025-11-11 20:06:40.515308+00	5d7053c8-a692-4260-b3c4-a71bb491570e
52e89ad9-8cc3-417d-b14b-c455c6526828	tGJpaqapDaXo3YAqIK1eoSdCIq/g+PNaPNL8kzshDFk=	2025-11-11 20:26:23.291816+00	b7120124-2ab0-448a-8a11-06d940e90384
fb82fcd6-7c2e-489b-936b-cc8cd4a846b4	+qW49TI6sg037UsCqqoTw49lwY1/BSqNslFXl93DoB8=	2025-11-11 20:48:21.740283+00	5d7053c8-a692-4260-b3c4-a71bb491570e
88f15e37-2d81-4dda-af8d-3879d097298c	e5/AwjtjTQI0Fcb3qFVNGEIY8xY69s9KCkGl7R1SV5A=	2025-11-11 20:55:16.483653+00	5d7053c8-a692-4260-b3c4-a71bb491570e
23e9d1c7-27ef-4d33-ae57-c0df8b17bd0e	loaS2swmV+VDYgXO8DWOwdIJgG40mc2aTySimibhCbA=	2025-11-11 21:01:19.574743+00	b7120124-2ab0-448a-8a11-06d940e90384
5853866a-15f1-44b4-a5e2-3a86da8372fb	/FNF2l+HfnLRC+g/vjKqzB2iVLyNlEg1XAlq4Pkmq5M=	2025-11-11 21:09:13.528836+00	5d7053c8-a692-4260-b3c4-a71bb491570e
c2b4962a-bab6-4290-8d73-ca605674f772	Y7EMKSggIsN5gfdsgLf+bVcI/18LPI2bNIEuua3oMC0=	2025-11-11 21:15:39.825836+00	b7120124-2ab0-448a-8a11-06d940e90384
\.


--
-- Data for Name: UserProfiles; Type: TABLE DATA; Schema: public; Owner: matforum_user
--

COPY public."UserProfiles" ("Id", "FirstName", "LastName", "Email", "Username", "DateOfBirth", "CreatedAt", "UpdatedAt", "IsDeleted", "DeletedAt", "PhoneNumber") FROM stdin;
5d7053c8-a692-4260-b3c4-a71bb491570e	NIKOLA	SUBOTIC	nidzos@gmail.com	nidzos	2000-10-12 16:29:10.282929+00	2025-10-12 16:29:10.829201+00	2025-10-12 16:29:10.829201+00	f	\N	02761383914
b7120124-2ab0-448a-8a11-06d940e90384	dule	s	dules@gmail.com	dules	2000-10-12 17:25:07.634777+00	2025-10-12 17:25:07.860275+00	2025-10-12 17:25:07.860275+00	f	\N	21321321312
\.


--
-- Data for Name: Votes; Type: TABLE DATA; Schema: public; Owner: matforum_user
--

COPY public."Votes" ("Id", "QuestionId", "AnswerId", "UserId", "VoteType", "CreatedAt", "UpdatedAt", "IsDeleted", "DeletedAt") FROM stdin;
756794ad-7a19-4a78-ae2a-ed4486643209	bfd91dce-bd5e-49cf-bc89-dac97b5df43a	\N	550e8400-e29b-41d4-a716-446655440010	0	2025-10-12 16:32:40.52739	2025-10-12 16:33:43.768497	f	\N
6016b790-20e1-4752-9689-20fe282b0c2f	018749ac-08cf-4790-85ff-473a354c1330	\N	550e8400-e29b-41d4-a716-446655440010	1	2025-10-12 18:03:52.844386	2025-10-12 18:03:52.844479	f	\N
25318952-ec42-4cb3-b80c-70259616a1e5	\N	b48945d5-f9c7-4c44-a723-7a30b8a8cc08	550e8400-e29b-41d4-a716-446655440010	0	2025-10-12 18:03:55.318087	2025-10-12 18:04:49.792347	f	\N
94a83dec-4144-4c50-aed8-36f1fc6dc212	\N	02e79092-f42e-45ae-a767-b5d6a8fa930d	550e8400-e29b-41d4-a716-446655440010	1	2025-10-12 18:43:46.379738	2025-10-12 18:43:46.379739	f	\N
48f98fcb-140e-4a0a-952c-c040e88a7360	e631e629-2fdb-4d7c-8a6a-d98f49e8de67	\N	550e8400-e29b-41d4-a716-446655440010	0	2025-10-12 18:44:32.307454	2025-10-12 20:23:16.230971	f	\N
f4116b38-4216-41f8-a77a-589287e78a81	\N	f9b6d0b9-9fcc-4cf7-b51e-47f7c0504355	550e8400-e29b-41d4-a716-446655440010	1	2025-10-12 20:50:31.973717	2025-10-12 20:50:31.973764	f	\N
c2a58d81-cb97-447b-9801-562c9df9b4b9	\N	2032f5a0-5b98-4548-b6c0-77745bd81945	550e8400-e29b-41d4-a716-446655440010	1	2025-10-12 20:57:50.280635	2025-10-12 20:57:50.280635	f	\N
e83aa6fe-ce57-4cbe-aeb3-c2b9ac8b5e5c	\N	f9450c9a-cdd8-486f-8c7c-4190e994ec22	550e8400-e29b-41d4-a716-446655440010	1	2025-10-12 21:16:49.690297	2025-10-12 21:16:49.690297	f	\N
bb67152f-b9c1-4a67-abca-cf80d1c90b34	\N	b5fc12bc-9df3-45da-b6f7-cd7948a805b8	550e8400-e29b-41d4-a716-446655440010	-1	2025-10-12 21:18:57.612293	2025-10-12 21:18:57.612293	f	\N
\.


--
-- Data for Name: __EFMigrationsHistory; Type: TABLE DATA; Schema: public; Owner: matforum_user
--

COPY public."__EFMigrationsHistory" ("MigrationId", "ProductVersion") FROM stdin;
20251011133347_InitialCreate	8.0.20
20251011135119_InitialCreate	9.0.0
20251011213937_AddPhoneNumberToUserProfile	9.0.0
\.


--
-- Name: AspNetRoleClaims_Id_seq; Type: SEQUENCE SET; Schema: public; Owner: matforum_user
--

SELECT pg_catalog.setval('public."AspNetRoleClaims_Id_seq"', 1, false);


--
-- Name: AspNetUserClaims_Id_seq; Type: SEQUENCE SET; Schema: public; Owner: matforum_user
--

SELECT pg_catalog.setval('public."AspNetUserClaims_Id_seq"', 1, false);


--
-- Name: Answers PK_Answers; Type: CONSTRAINT; Schema: public; Owner: matforum_user
--

ALTER TABLE ONLY public."Answers"
    ADD CONSTRAINT "PK_Answers" PRIMARY KEY ("Id");


--
-- Name: AspNetRoleClaims PK_AspNetRoleClaims; Type: CONSTRAINT; Schema: public; Owner: matforum_user
--

ALTER TABLE ONLY public."AspNetRoleClaims"
    ADD CONSTRAINT "PK_AspNetRoleClaims" PRIMARY KEY ("Id");


--
-- Name: AspNetRoles PK_AspNetRoles; Type: CONSTRAINT; Schema: public; Owner: matforum_user
--

ALTER TABLE ONLY public."AspNetRoles"
    ADD CONSTRAINT "PK_AspNetRoles" PRIMARY KEY ("Id");


--
-- Name: AspNetUserClaims PK_AspNetUserClaims; Type: CONSTRAINT; Schema: public; Owner: matforum_user
--

ALTER TABLE ONLY public."AspNetUserClaims"
    ADD CONSTRAINT "PK_AspNetUserClaims" PRIMARY KEY ("Id");


--
-- Name: AspNetUserLogins PK_AspNetUserLogins; Type: CONSTRAINT; Schema: public; Owner: matforum_user
--

ALTER TABLE ONLY public."AspNetUserLogins"
    ADD CONSTRAINT "PK_AspNetUserLogins" PRIMARY KEY ("LoginProvider", "ProviderKey");


--
-- Name: AspNetUserRoles PK_AspNetUserRoles; Type: CONSTRAINT; Schema: public; Owner: matforum_user
--

ALTER TABLE ONLY public."AspNetUserRoles"
    ADD CONSTRAINT "PK_AspNetUserRoles" PRIMARY KEY ("UserId", "RoleId");


--
-- Name: AspNetUserTokens PK_AspNetUserTokens; Type: CONSTRAINT; Schema: public; Owner: matforum_user
--

ALTER TABLE ONLY public."AspNetUserTokens"
    ADD CONSTRAINT "PK_AspNetUserTokens" PRIMARY KEY ("UserId", "LoginProvider", "Name");


--
-- Name: AspNetUsers PK_AspNetUsers; Type: CONSTRAINT; Schema: public; Owner: matforum_user
--

ALTER TABLE ONLY public."AspNetUsers"
    ADD CONSTRAINT "PK_AspNetUsers" PRIMARY KEY ("Id");


--
-- Name: Questions PK_Questions; Type: CONSTRAINT; Schema: public; Owner: matforum_user
--

ALTER TABLE ONLY public."Questions"
    ADD CONSTRAINT "PK_Questions" PRIMARY KEY ("Id");


--
-- Name: RefreshTokens PK_RefreshTokens; Type: CONSTRAINT; Schema: public; Owner: matforum_user
--

ALTER TABLE ONLY public."RefreshTokens"
    ADD CONSTRAINT "PK_RefreshTokens" PRIMARY KEY ("Id");


--
-- Name: UserProfiles PK_UserProfiles; Type: CONSTRAINT; Schema: public; Owner: matforum_user
--

ALTER TABLE ONLY public."UserProfiles"
    ADD CONSTRAINT "PK_UserProfiles" PRIMARY KEY ("Id");


--
-- Name: Votes PK_Votes; Type: CONSTRAINT; Schema: public; Owner: matforum_user
--

ALTER TABLE ONLY public."Votes"
    ADD CONSTRAINT "PK_Votes" PRIMARY KEY ("Id");


--
-- Name: __EFMigrationsHistory PK___EFMigrationsHistory; Type: CONSTRAINT; Schema: public; Owner: matforum_user
--

ALTER TABLE ONLY public."__EFMigrationsHistory"
    ADD CONSTRAINT "PK___EFMigrationsHistory" PRIMARY KEY ("MigrationId");


--
-- Name: EmailIndex; Type: INDEX; Schema: public; Owner: matforum_user
--

CREATE INDEX "EmailIndex" ON public."AspNetUsers" USING btree ("NormalizedEmail");


--
-- Name: IX_AspNetRoleClaims_RoleId; Type: INDEX; Schema: public; Owner: matforum_user
--

CREATE INDEX "IX_AspNetRoleClaims_RoleId" ON public."AspNetRoleClaims" USING btree ("RoleId");


--
-- Name: IX_AspNetUserClaims_UserId; Type: INDEX; Schema: public; Owner: matforum_user
--

CREATE INDEX "IX_AspNetUserClaims_UserId" ON public."AspNetUserClaims" USING btree ("UserId");


--
-- Name: IX_AspNetUserLogins_UserId; Type: INDEX; Schema: public; Owner: matforum_user
--

CREATE INDEX "IX_AspNetUserLogins_UserId" ON public."AspNetUserLogins" USING btree ("UserId");


--
-- Name: IX_AspNetUserRoles_RoleId; Type: INDEX; Schema: public; Owner: matforum_user
--

CREATE INDEX "IX_AspNetUserRoles_RoleId" ON public."AspNetUserRoles" USING btree ("RoleId");


--
-- Name: IX_Questions_CreatedAt; Type: INDEX; Schema: public; Owner: matforum_user
--

CREATE INDEX "IX_Questions_CreatedAt" ON public."Questions" USING btree ("CreatedAt");


--
-- Name: IX_Questions_CreatedByUserId; Type: INDEX; Schema: public; Owner: matforum_user
--

CREATE INDEX "IX_Questions_CreatedByUserId" ON public."Questions" USING btree ("CreatedByUserId");


--
-- Name: IX_Questions_IsClosed; Type: INDEX; Schema: public; Owner: matforum_user
--

CREATE INDEX "IX_Questions_IsClosed" ON public."Questions" USING btree ("IsClosed");


--
-- Name: IX_Questions_Views; Type: INDEX; Schema: public; Owner: matforum_user
--

CREATE INDEX "IX_Questions_Views" ON public."Questions" USING btree ("Views");


--
-- Name: IX_RefreshTokens_AppUserId; Type: INDEX; Schema: public; Owner: matforum_user
--

CREATE INDEX "IX_RefreshTokens_AppUserId" ON public."RefreshTokens" USING btree ("AppUserId");


--
-- Name: IX_Votes_AnswerId; Type: INDEX; Schema: public; Owner: matforum_user
--

CREATE INDEX "IX_Votes_AnswerId" ON public."Votes" USING btree ("AnswerId");


--
-- Name: IX_Votes_AnswerId_UserId; Type: INDEX; Schema: public; Owner: matforum_user
--

CREATE UNIQUE INDEX "IX_Votes_AnswerId_UserId" ON public."Votes" USING btree ("AnswerId", "UserId") WHERE ("AnswerId" IS NOT NULL);


--
-- Name: IX_Votes_QuestionId; Type: INDEX; Schema: public; Owner: matforum_user
--

CREATE INDEX "IX_Votes_QuestionId" ON public."Votes" USING btree ("QuestionId");


--
-- Name: IX_Votes_QuestionId_UserId; Type: INDEX; Schema: public; Owner: matforum_user
--

CREATE UNIQUE INDEX "IX_Votes_QuestionId_UserId" ON public."Votes" USING btree ("QuestionId", "UserId") WHERE ("QuestionId" IS NOT NULL);


--
-- Name: IX_Votes_UserId; Type: INDEX; Schema: public; Owner: matforum_user
--

CREATE INDEX "IX_Votes_UserId" ON public."Votes" USING btree ("UserId");


--
-- Name: IX_Votes_VoteType; Type: INDEX; Schema: public; Owner: matforum_user
--

CREATE INDEX "IX_Votes_VoteType" ON public."Votes" USING btree ("VoteType");


--
-- Name: RoleNameIndex; Type: INDEX; Schema: public; Owner: matforum_user
--

CREATE UNIQUE INDEX "RoleNameIndex" ON public."AspNetRoles" USING btree ("NormalizedName");


--
-- Name: UserNameIndex; Type: INDEX; Schema: public; Owner: matforum_user
--

CREATE UNIQUE INDEX "UserNameIndex" ON public."AspNetUsers" USING btree ("NormalizedUserName");


--
-- Name: AspNetRoleClaims FK_AspNetRoleClaims_AspNetRoles_RoleId; Type: FK CONSTRAINT; Schema: public; Owner: matforum_user
--

ALTER TABLE ONLY public."AspNetRoleClaims"
    ADD CONSTRAINT "FK_AspNetRoleClaims_AspNetRoles_RoleId" FOREIGN KEY ("RoleId") REFERENCES public."AspNetRoles"("Id") ON DELETE CASCADE;


--
-- Name: AspNetUserClaims FK_AspNetUserClaims_AspNetUsers_UserId; Type: FK CONSTRAINT; Schema: public; Owner: matforum_user
--

ALTER TABLE ONLY public."AspNetUserClaims"
    ADD CONSTRAINT "FK_AspNetUserClaims_AspNetUsers_UserId" FOREIGN KEY ("UserId") REFERENCES public."AspNetUsers"("Id") ON DELETE CASCADE;


--
-- Name: AspNetUserLogins FK_AspNetUserLogins_AspNetUsers_UserId; Type: FK CONSTRAINT; Schema: public; Owner: matforum_user
--

ALTER TABLE ONLY public."AspNetUserLogins"
    ADD CONSTRAINT "FK_AspNetUserLogins_AspNetUsers_UserId" FOREIGN KEY ("UserId") REFERENCES public."AspNetUsers"("Id") ON DELETE CASCADE;


--
-- Name: AspNetUserRoles FK_AspNetUserRoles_AspNetRoles_RoleId; Type: FK CONSTRAINT; Schema: public; Owner: matforum_user
--

ALTER TABLE ONLY public."AspNetUserRoles"
    ADD CONSTRAINT "FK_AspNetUserRoles_AspNetRoles_RoleId" FOREIGN KEY ("RoleId") REFERENCES public."AspNetRoles"("Id") ON DELETE CASCADE;


--
-- Name: AspNetUserRoles FK_AspNetUserRoles_AspNetUsers_UserId; Type: FK CONSTRAINT; Schema: public; Owner: matforum_user
--

ALTER TABLE ONLY public."AspNetUserRoles"
    ADD CONSTRAINT "FK_AspNetUserRoles_AspNetUsers_UserId" FOREIGN KEY ("UserId") REFERENCES public."AspNetUsers"("Id") ON DELETE CASCADE;


--
-- Name: AspNetUserTokens FK_AspNetUserTokens_AspNetUsers_UserId; Type: FK CONSTRAINT; Schema: public; Owner: matforum_user
--

ALTER TABLE ONLY public."AspNetUserTokens"
    ADD CONSTRAINT "FK_AspNetUserTokens_AspNetUsers_UserId" FOREIGN KEY ("UserId") REFERENCES public."AspNetUsers"("Id") ON DELETE CASCADE;


--
-- Name: RefreshTokens FK_RefreshTokens_AspNetUsers_AppUserId; Type: FK CONSTRAINT; Schema: public; Owner: matforum_user
--

ALTER TABLE ONLY public."RefreshTokens"
    ADD CONSTRAINT "FK_RefreshTokens_AspNetUsers_AppUserId" FOREIGN KEY ("AppUserId") REFERENCES public."AspNetUsers"("Id");


--
-- PostgreSQL database dump complete
--

\unrestrict 262dbP9jHOBjjd78csWJIMt8MJaDgiqza1DGg2cKueXDsQgNcap1eKOdF4oLJ4O

